{
  "1. Eczema 1677": {
    "r": 152.89666666666665,
    "g": 115.71359999999999,
    "b": 106.46073333333334,
    "texture": 43.33899227018569
  },
  "10. Warts Molluscum and other Viral Infections - 2103": {
    "r": 156.8544666666667,
    "g": 105.29553333333332,
    "b": 89.34253333333332,
    "texture": 42.209193854059805
  },
  "2. Melanoma 15.75k": {
    "r": 187.7256666666667,
    "g": 136.80406666666667,
    "b": 126.6412,
    "texture": 25.041861601367557
  },
  "3. Atopic Dermatitis - 1.25k": {
    "r": 173.384,
    "g": 118.12206666666667,
    "b": 111.5164,
    "texture": 35.90472504950822
  },
  "4. Basal Cell Carcinoma (BCC) 3323": {
    "r": 196.85380000000004,
    "g": 155.21959999999999,
    "b": 161.96586666666664,
    "texture": 25.332713901814056
  },
  "5. Melanocytic Nevi (NV) - 7970": {
    "r": 159.60260000000002,
    "g": 155.81306666666666,
    "b": 163.7848666666667,
    "texture": 40.32203750490497
  },
  "6. Benign Keratosis-like Lesions (BKL) 2624": {
    "r": 183.25926666666663,
    "g": 144.8772,
    "b": 148.61406666666667,
    "texture": 24.383882147087245
  },
  "7. Psoriasis pictures Lichen Planus and related diseases - 2k": {
    "r": 160.33933333333334,
    "g": 117.77479999999998,
    "b": 108.62759999999999,
    "texture": 32.51090242235396
  },
  "8. Seborrheic Keratoses and other Benign Tumors - 1.8k": {
    "r": 139.8082666666667,
    "g": 100.90406666666667,
    "b": 92.47599999999998,
    "texture": 43.95173446328059
  },
  "9. Tinea Ringworm Candidiasis and other Fungal Infections - 1.7k": {
    "r": 146.38559999999998,
    "g": 106.19266666666665,
    "b": 97.01839999999999,
    "texture": 41.06192688454545
  }
}